query,score,decision,age,baseline_score,comorbidity_ratio,dependants,prior_visits,recent_admissions,requested_beds,vitals_index,ward,years_registered
R2 · 110,0.9789,APPROVE,72.85,894,0.0,0.0,18.8,1.0,80,80.0,B,5.8
R2 · 109,0.9785,APPROVE,72.85,894,0.0,0.0,18.8,1.0,80,80.0,B,5.7
R2 · 108,0.9778,APPROVE,72.85,894,0.0,0.0,18.8,1.1,80,80.0,B,5.8
R2 · 107,0.9777,APPROVE,72.5,894,0.0,0.0,18.8,1.1,80,80.0,B,5.8
R2 · 106,0.9787,APPROVE,72.5,894,0.0,0.0,18.8,1.0,80,80.0,B,5.8
R2 · 105,0.9786,APPROVE,73.0,894,0.0,0.0,18.8,1.0,80,80.0,B,5.8
R2 · 104,0.8484,APPROVE,70.0,894,0.9,0.0,19.0,1.0,83,79.0,B,10.0
R2 · 103,0.9789,APPROVE,72.85,892,0.01,3.0,18.8,1.0,80,80.0,B,5.8
R2 · 102,0.9789,APPROVE,72.85,892,0.0,3.0,18.8,1.0,80,80.0,B,5.8
R2 · 101,0.9729,APPROVE,72.85,892,0.0,3.0,18.8,1.0,80,80.0,C,5.8
R2 · 100,0.9657,APPROVE,72.85,892,0.0,3.0,18.8,1.0,80,80.0,D,5.8
R2 · 99,0.9789,APPROVE,72.85,892,0.0,3.0,18.8,1.0,80,80.0,B,5.8
R2 · 98,0.9755,APPROVE,72.85,892,0.0,3.0,18.8,1.0,80,80.0,A,5.8
R2 · 97,0.9789,APPROVE,72.85,892,0.0,3.0,18.8,1.0,80,80.0,B,5.8
R2 · 96,0.8667,APPROVE,70.0,894,0.8,0.0,19.0,1.0,83,79.0,B,10.0
R2 · 95,0.9784,APPROVE,72.85,892,0.0,3.0,18.8,0.9,80,80.0,B,5.8
R2 · 94,0.9789,APPROVE,72.85,892,0.0,3.0,18.8,1.0,80,80.0,B,5.8
R2 · 93,0.9789,APPROVE,72.85,893,0.0,3.0,18.8,1.0,80,80.0,B,5.8
R2 · 92,0.8893,APPROVE,70.0,894,0.7,0.0,19.0,1.0,83,79.0,B,10.0
R2 · 91,0.9789,APPROVE,72.85,894,0.0,3.0,18.8,1.0,80,80.0,B,5.8
R2 · 90,0.9783,APPROVE,71.9,894,0.0,3.0,18.8,1.0,80,80.0,B,5.8
R2 · 89,0.9173,APPROVE,70.0,894,0.6,0.0,19.0,1.0,83,79.0,B,10.0
R2 · 88,0.9789,APPROVE,72.85,894,0.0,3.0,18.8,1.0,80,80.0,B,5.8
R2 · 87,0.9784,APPROVE,72.85,894,0.0,3.0,18.9,1.0,80,80.0,B,5.8
R2 · 86,0.9789,APPROVE,72.85,894,0.0,3.0,18.8,1.0,80,80.0,B,5.8
R2 · 85,0.9786,APPROVE,72.85,894,0.0,3.0,18.7,1.0,80,80.0,B,5.8
R2 · 84,0.9786,APPROVE,72.85,894,0.0,3.0,18.6,1.0,80,80.0,B,5.8
R2 · 83,0.9783,APPROVE,72.85,894,0.0,3.0,18.4,1.0,80,80.0,B,5.8
R2 · 82,0.9786,APPROVE,72.85,894,0.0,3.0,18.5,1.0,80,80.0,B,5.8
R2 · 81,0.8484,APPROVE,70.0,894,0.9,0.0,19.0,1.0,83,79.0,B,10.0
R2 · 80,0.8046,APPROVE,70.0,894,1.0,0.0,19.0,1.0,83,79.0,B,10.0
R2 · 79,0.9316,APPROVE,70.0,894,0.5,0.0,19.0,1.0,83,79.0,B,10.0
R2 · 78,0.9784,APPROVE,72.85,894,0.0,3.0,19.0,1.0,80,80.0,B,5.8
R2 · 77,0.9781,APPROVE,72.85,894,0.0,3.0,19.0,1.0,80,80.0,B,5.6
R2 · 76,0.9781,APPROVE,72.85,894,0.0,3.0,19.0,1.0,80,80.0,B,5.7
R2 · 75,0.9783,APPROVE,72.85,894,0.0,3.0,19.0,1.0,80,80.0,B,5.9
R2 · 74,0.9781,APPROVE,72.85,894,0.0,3.0,19.0,1.0,80,80.0,B,5.7
R2 · 73,0.886,APPROVE,50.0,894,0.5,0.0,19.0,1.0,83,79.0,B,10.0
R2 · 72,0.9774,APPROVE,72.85,894,0.0,3.0,19.0,1.0,80,80.0,B,4.9
R2 · 71,0.9781,APPROVE,72.85,894,0.0,3.0,19.0,1.0,80,80.0,B,5.6
R2 · 70,0.9594,APPROVE,72.8,894,0.3,0.0,19.0,1.0,83,79.0,B,10.0
R2 · 69,0.9529,APPROVE,72.8,894,0.3,0.0,19.0,1.0,83,79.0,B,20.0
R2 · 68,0.9784,APPROVE,72.85,894,0.0,3.0,19.0,1.0,80,80.0,B,5.8
R2 · 67,0.9278,APPROVE,72.8,894,0.3,0.0,19.0,1.0,83,79.0,B,30.0
R2 · 66,0.9006,APPROVE,72.8,894,0.3,0.0,19.0,1.0,83,79.0,B,40.0
R2 · 65,0.8933,APPROVE,72.8,894,0.3,0.0,19.0,1.0,83,79.0,A,40.0
R2 · 64,0.9239,APPROVE,72.8,894,0.3,0.0,19.0,1.0,83,83.5,A,30.0
R2 · 63,0.9535,APPROVE,72.8,894,0.3,0.0,19.0,1.0,83,83.5,A,20.0
R2 · 62,0.959,APPROVE,72.8,894,0.3,0.0,19.0,1.0,83,83.5,A,10.0
R2 · 61,0.9782,APPROVE,72.85,894,0.0,3.0,19.0,1.0,80,80.0,B,6.0
R2 · 60,0.9782,APPROVE,72.85,894,0.0,0.0,19.0,1.0,80,80.0,B,6.0
R2 · 59,0.9782,APPROVE,72.85,894,0.0,0.0,19.0,1.0,75,75.0,B,6.0
R2 · 58,0.9567,APPROVE,72.8,894,0.3,0.0,19.0,1.0,83,83.5,B,5.0
R2 · 57,0.9573,APPROVE,72.8,894,0.3,0.0,19.0,1.0,83,83.5,B,6.0
R2 · 56,0.9706,APPROVE,72.8,894,0.2,0.0,19.0,1.0,83,83.5,B,5.0
R2 · 55,0.9768,APPROVE,72.8,894,0.1,0.0,19.0,1.0,83,83.5,B,5.0
R2 · 54,0.9758,APPROVE,72.8,894,0.0,0.0,19.0,1.0,83,83.5,B,4.0
R2 · 53,0.9299,APPROVE,72.8,894,0.5,0.0,19.0,1.0,83,83.5,B,8.0
R2 · 52,0.9738,APPROVE,72.8,894,0.0,0.0,19.0,0.0,83,83.5,B,5.0
R2 · 51,0.966,APPROVE,72.8,894,0.0,0.0,19.0,2.0,83,83.5,B,7.0
R2 · 50,0.9782,APPROVE,72.8,894,0.0,0.0,19.0,1.0,83,83.5,B,6.0
R2 · 49,0.974,APPROVE,72.8,894,0.0,0.0,18.0,1.0,82,83.5,B,4.0
R2 · 48,0.9778,APPROVE,72.8,894,0.0,0.0,18.0,1.0,85,83.5,B,7.0
R2 · 47,0.9771,APPROVE,72.8,894,0.0,0.0,18.0,1.0,83,83.5,B,5.0
R2 · 46,0.9742,APPROVE,72.8,893,0.0,0.0,19.0,0.0,83,83.5,B,6.0
R2 · 45,0.9659,APPROVE,72.8,895,0.0,0.0,19.0,2.0,83,83.5,B,6.0
R2 · 44,0.9711,APPROVE,71.8,893,0.0,0.0,18.0,0.0,83,83.5,B,6.0
R2 · 43,0.9729,APPROVE,71.8,895,0.0,0.0,20.0,0.0,83,83.5,B,6.0
R2 · 42,0.9738,APPROVE,71.8,894,0.0,0.0,19.0,0.0,83,83.5,B,6.0
R2 · 41,0.9653,APPROVE,73.8,894,0.0,0.0,19.0,2.0,83,83.5,B,6.0
R2 · 40,0.9759,APPROVE,73.8,894,0.0,0.0,20.0,1.0,83,83.5,B,6.0
R2 · 39,0.9762,APPROVE,71.8,894,0.0,0.0,18.0,1.0,83,83.5,B,6.0
R2 · 38,0.9719,APPROVE,72.8,894,0.0,0.0,18.0,0.0,83,83.5,B,6.0
R2 · 37,0.9666,APPROVE,72.8,894,0.0,0.0,20.0,2.0,83,83.5,B,6.0
R2 · 36,0.9775,APPROVE,71.8,893,0.0,0.0,19.0,1.0,83,83.5,B,6.0
R2 · 35,0.9768,APPROVE,73.8,895,0.0,0.0,19.0,1.0,83,83.5,B,6.0
R2 · 34,0.9782,APPROVE,72.85,894,0.0,0.0,19.0,1.0,83,83.5,B,6.0
R2 · 33,0.9782,APPROVE,72.8,894,0.0,0.0,19.0,1.0,83,83.5,B,6.0
R2 · 32,0.9752,APPROVE,72.7,895,0.0,0.0,19.0,1.0,83,83.5,A,6.0
R2 · 31,0.9649,APPROVE,72.7,895,0.0,0.0,19.0,1.0,83,83.5,D,6.0
R2 · 30,0.9723,APPROVE,72.7,895,0.0,0.0,19.0,1.0,83,83.5,C,6.0
R2 · 29,0.9771,APPROVE,72.7,895,0.0,0.0,19.2,1.0,83,83.5,B,6.0
R2 · 28,0.9774,APPROVE,72.7,895,0.0,0.0,18.0,1.0,83,83.5,B,6.0
R2 · 27,0.9781,APPROVE,72.7,895,0.0,0.0,19.0,1.0,83,83.5,B,6.0
R2 · 26,0.9775,APPROVE,72.7,897,0.0,0.0,19.0,1.0,83,83.5,B,6.0
R2 · 25,0.9781,APPROVE,72.7,894,0.0,0.0,19.0,1.0,83,83.5,B,6.0
R2 · 24,0.978,APPROVE,73.0,894,0.0,0.0,19.0,1.0,83,83.5,B,6.0
R2 · 23,0.9709,APPROVE,72.3,889,0.0,0.0,19.0,0.0,83,83.5,A,6.8
R2 · 22,0.9701,APPROVE,72.3,889,0.0,0.0,20.0,0.0,83,83.5,A,6.8
R2 · 21,0.9768,APPROVE,74.0,894,0.0,0.0,19.0,1.0,83,83.5,B,6.0
R2 · 20,0.978,APPROVE,73.0,894,0.0,0.0,19.0,1.0,83,83.5,B,6.0
R2 · 19,0.9778,APPROVE,72.0,894,0.0,0.0,19.0,1.0,83,83.5,B,6.0
R2 · 18,0.9777,APPROVE,70.3,894,0.0,0.0,19.0,1.0,83,83.5,B,6.0
R2 · 17,0.5553,APPROVE,72.3,890,0.9,3.0,15.0,4.5,75,60.0,A,36.0
R2 · 16,0.9764,APPROVE,72.3,894,0.13,0.0,19.0,1.0,83,83.5,B,6.0
R2 · 15,0.9781,APPROVE,72.3,894,0.0,0.0,19.0,1.0,83,83.5,B,6.0
R2 · 14,0.9781,APPROVE,72.3,890,0.0,0.0,19.0,1.0,83,83.5,B,6.0
R2 · 13,0.9779,APPROVE,72.3,888,0.0,0.0,19.0,1.0,83,83.5,B,6.0
R2 · 12,0.9709,APPROVE,72.3,889,0.0,0.0,19.0,0.0,83,83.5,A,8.0
R2 · 11,0.978,APPROVE,72.3,889,0.0,0.0,19.0,1.0,83,83.5,B,6.0
R2 · 10,0.9736,APPROVE,72.3,889,0.0,0.0,19.0,1.2,83,83.5,A,6.0
R2 · 9,0.97,APPROVE,72.3,889,0.0,0.0,19.0,1.5,83,83.5,A,6.0
R2 · 8,0.9627,APPROVE,72.3,889,0.0,0.0,19.0,2.0,83,83.5,A,6.0
R2 · 7,0.9755,APPROVE,72.3,889,0.0,0.0,19.0,1.0,83,83.5,A,6.0
R2 · 6,0.9744,APPROVE,72.3,889,0.0,0.0,19.0,0.5,83,83.5,A,6.0
R2 · 5,0.9711,APPROVE,72.3,889,0.0,0.0,19.0,0.0,83,83.5,A,5.8
R2 · 4,0.9709,APPROVE,72.3,889,0.0,0.0,19.0,0.0,83,83.5,A,6.8
R2 · 3,0.9691,APPROVE,72.3,889,0.0,0.0,18.3,0.0,83,83.5,A,5.8
R2 · 2,0.9655,APPROVE,72.3,889,0.205,0.0,19.0,0.0,83,83.5,A,5.8
R2 · 1,0.9711,APPROVE,72.3,889,0.0,0.0,19.0,0.0,83,83.5,A,5.8
R1 · 66,0.9711,APPROVE,72.3,889,0.0,0.0,19.0,0.0,99,99.0,A,5.8
R1 · 65,0.9674,APPROVE,72.3,889,0.0,0.0,19.0,0.0,99,99.0,A,2.8
R1 · 64,0.9633,APPROVE,72.3,889,0.0,0.0,19.0,0.0,99,99.0,A,0.0
R1 · 63,0.9604,APPROVE,72.3,889,0.0,0.0,18.0,0.0,100,100.0,A,0.0
R1 · 62,0.9633,APPROVE,72.3,889,0.0,0.0,19.0,0.0,100,100.0,A,0.0
R1 · 61,0.9617,APPROVE,72.3,889,0.0,0.0,20.0,0.0,100,100.0,A,0.0
R1 · 60,0.9616,APPROVE,72.3,883,0.0,0.0,20.0,0.0,100,100.0,A,0.0
R1 · 59,0.9616,APPROVE,72.3,882,0.0,0.0,20.0,0.0,100,100.0,A,0.0
R1 · 58,0.9617,APPROVE,72.3,889,0.0,0.0,20.0,0.0,100,100.0,A,0.0
R1 · 57,0.9615,APPROVE,72.3,895,0.0,0.0,20.0,0.0,100,100.0,A,0.0
R1 · 56,0.9613,APPROVE,72.3,897,0.0,0.0,20.0,0.0,100,100.0,A,0.0
R1 · 55,0.9613,APPROVE,72.3,900,0.0,0.0,20.0,0.0,100,100.0,A,0.0
R1 · 54,0.9613,APPROVE,72.2,900,0.0,0.0,20.0,0.0,100,100.0,A,0.0
R1 · 53,0.9612,APPROVE,73.0,900,0.0,0.0,20.0,0.0,100,100.0,A,0.0
R1 · 52,0.9612,APPROVE,72.9,900,0.0,0.0,20.0,0.0,100,100.0,A,0.0
R1 · 51,0.9612,APPROVE,72.7,900,0.0,0.0,20.0,0.0,100,100.0,A,0.0
R1 · 50,0.9608,APPROVE,71.5,900,0.0,0.0,20.0,0.0,100,100.0,A,0.0
R1 · 49,0.9608,APPROVE,71.0,900,0.0,0.0,20.0,0.0,100,100.0,A,0.0
R1 · 48,0.9613,APPROVE,72.0,900,0.0,0.0,20.0,0.0,100,100.0,A,0.0
R1 · 47,0.9596,APPROVE,70.0,900,0.0,0.0,20.0,0.0,100,100.0,A,0.0
R1 · 46,0.9612,APPROVE,73.0,900,0.0,0.0,20.0,0.0,100,100.0,A,0.0
R1 · 45,0.9561,APPROVE,74.0,900,0.0,0.0,20.0,0.0,100,100.0,D,0.0
R1 · 44,0.9604,APPROVE,74.0,900,0.0,0.0,20.0,0.0,100,100.0,A,0.0
R1 · 43,0.9599,APPROVE,74.9,900,0.0,0.0,20.0,0.0,100,100.0,A,0.0
R1 · 42,0.9599,APPROVE,75.0,900,0.0,0.0,20.0,0.0,100,100.0,A,0.0
R1 · 41,0.9589,APPROVE,75.0,900,0.1,0.0,20.0,0.0,100,100.0,A,0.0
R1 · 40,0.9599,APPROVE,75.0,900,0.0,0.0,20.0,0.0,100,100.0,A,0.0
R1 · 39,0.9599,APPROVE,75.0,900,0.0,6.0,20.0,0.0,100,100.0,A,0.0
R1 · 38,0.9599,APPROVE,75.0,900,0.0,3.0,20.0,0.0,50,50.0,A,0.0
R1 · 37,0.9599,APPROVE,75.0,900,0.0,0.0,20.0,0.0,50,50.0,A,0.0
R1 · 36,0.9566,APPROVE,75.0,900,0.0,0.0,20.0,0.0,50,50.0,D,0.0
R1 · 35,0.9599,APPROVE,75.0,900,0.0,3.0,20.0,0.0,50,50.0,A,0.0
R1 · 34,0.4612,APPROVE,46.5,600,0.975,3.0,10.0,2.5,50,50.0,A,20.0
R1 · 33,0.4593,DECLINE,46.5,600,0.975,3.0,10.0,2.5,50,50.0,A,20.0
R1 · 32,0.4594,DECLINE,46.5,600,0.976,3.0,10.0,2.5,50,50.0,A,20.0
R1 · 31,0.458,DECLINE,46.5,600,0.978,3.0,10.0,2.5,50,50.0,A,20.0
R1 · 30,0.4567,DECLINE,46.5,600,0.981,3.0,10.0,2.5,50,50.0,A,20.0
R1 · 29,0.5981,APPROVE,70.0,850,0.9,5.5,18.0,4.5,90,90.0,D,35.0
R1 · 28,0.4529,DECLINE,46.5,600,0.988,3.0,10.0,2.5,50,50.0,A,20.0
R1 · 27,0.4612,APPROVE,46.5,600,0.975,3.0,10.0,2.5,50,50.0,A,20.0
